Volunteer ID,Name,Age,Hours Contributed,Weekly Engagement,SEND/Disability,Active Participant,Notes
1,Matthew Park,42,449,5,Yes,Yes,Develop answer either front improve.
2,Shari Mooney,40,311,11,Yes,No,Black idea quickly.
3,Mr. Ryan Donovan,28,101,16,Yes,No,Public of arrive board federal base.
4,Michael Manning,54,470,13,Yes,No,Answer any boy television break test receive.
5,Alyssa Arias,65,106,19,Yes,Yes,Look economy take shoulder movement what administration.
6,Jesse Anderson,41,475,16,Yes,Yes,Deal employee difficult really affect build voice great.
7,Kristen Johnson,52,472,5,Yes,Yes,Physical material road would.
8,Michael Lopez,56,449,5,Yes,Yes,Seem tough between on.
9,Patrick Strong,65,71,7,Yes,Yes,Report husband these eat.
10,William Nolan,30,178,15,Yes,Yes,Scientist same price.
11,Deborah Rivera,52,73,8,Yes,Yes,Work say pick.
12,James Delgado,18,442,2,Yes,No,Meeting along itself participant especially generation.
13,Karen Daniel,65,245,19,Yes,Yes,Political than about president explain employee her.
14,Devin Smith,29,79,18,Yes,Yes,Case major tend increase.
15,Eric Salazar,21,86,18,Yes,No,Pull fire character decade cut cup economic.
16,Chad Rogers,20,147,6,Yes,Yes,According say never add.
17,Scott Reed,44,416,20,Yes,Yes,Practice success rather everyone anything expect training.
18,Roberto Sullivan,46,475,19,Yes,Yes,Draw manage poor authority.
19,Calvin Glenn,24,72,9,Yes,Yes,Responsibility medical century well next worker organization.
20,Shelia Walsh,54,419,12,Yes,Yes,Improve arm author risk industry something.
21,John Key,41,422,8,Yes,Yes,Point who much serve nation the against.
22,Preston Thomas,70,410,12,Yes,Yes,Turn produce nor heart.
23,Kara Alvarez,37,302,6,Yes,Yes,Wrong third task so suggest.
24,Austin Campbell,47,117,13,Yes,Yes,Report public feeling ready really.
25,Nathaniel Turner,53,469,17,Yes,Yes,Make spend level want.
26,Ashley Maldonado,57,437,1,Yes,Yes,Lot executive sea race chance.
27,Roger Walter,18,329,8,Yes,Yes,Skill soldier sort.
28,Lori Cantrell,22,44,1,Yes,Yes,Audience trial spring.
29,Dustin Nixon,20,52,11,Yes,Yes,Create at important song.
30,Emily Stevens,43,415,16,Yes,Yes,Represent owner yet left for color.
31,Susan Wilson,35,204,20,No,Yes,House case create professor society.
32,Carl Stone,50,187,3,No,Yes,Add drive hour arrive space seat.
33,Samantha Johnson,21,375,9,No,Yes,Fear tax recent fact when apply attack.
34,Mitchell Moore,66,424,12,No,No,Final so push in since drop.
35,Amanda Smith,33,334,10,No,No,Share defense build to later produce deep.
36,Ryan Garcia,64,109,20,No,Yes,Beautiful because painting performance.
37,Robert Burns,37,191,3,No,Yes,They study law rest list.
38,Bradley Reyes,66,96,16,No,Yes,Never herself there none tough.
39,John Mason,22,232,3,No,Yes,Imagine attention happy student pressure speak tonight pattern.
40,Robin Carr,62,220,10,No,Yes,Offer significant reflect.
41,Lisa Fowler,37,61,1,No,Yes,Learn wind glass animal television rest.
42,Kyle Hess,26,239,12,No,No,Soon owner information three form.
43,Tim Ellis,25,499,5,No,Yes,Or well head bar seek year model behavior.
44,Corey Baker,69,29,12,No,Yes,Security do defense management ever dinner without.
45,Nicolas Harris,58,205,12,No,No,Real local dog consumer.
46,Kristen Green,59,489,15,No,Yes,Police health before along politics.
47,Megan Davidson,35,489,10,No,Yes,Cover pressure home choose land skin law.
48,Austin Thompson,24,466,5,No,Yes,Agree early treat treatment level ready style guy.
49,Joe Schultz,46,334,7,No,Yes,Rich painting along style girl land discover health.
50,Brianna Smith,49,238,19,No,Yes,Bag only project officer.
51,April Farley,54,87,16,No,Yes,Measure too we push interesting animal voice source.
52,James Davis,58,255,16,No,No,What available today more.
53,Corey Mccormick,35,208,3,No,Yes,Conference western huge consumer your reflect clearly.
54,Daniel Horton,44,313,1,No,Yes,Blood itself clear them bed blood hold.
55,Daniel Anderson,63,91,16,No,Yes,Card simply tax return.
56,Xavier Moore,26,460,5,No,Yes,Sort group kitchen usually walk about stay threat.
57,Dalton Mendoza,67,162,12,No,Yes,Director ok second miss position usually modern plant.
58,Taylor Douglas,65,388,11,No,Yes,Beat above blue task.
59,Brian Buckley,28,406,5,No,Yes,Star relationship we still people.
60,Kelli Brown,23,300,16,No,Yes,Structure let according turn.
61,Michele Phillips,59,109,2,No,No,Opportunity effort protect education certain hour party.
62,Sheila Moore,35,481,1,No,Yes,Big beat save air address.
63,John Aguilar,25,431,13,No,Yes,Late threat example Republican court century.
64,Michelle Drake,61,52,1,No,No,Responsibility suggest gun field.
65,Melanie Dodson,31,171,19,No,Yes,Town give official rate thing.
66,Mr. Derek Gregory,61,278,7,No,No,Usually for old you.
67,Suzanne Owen,24,205,11,No,Yes,Condition always table.
68,Danielle Morris,70,259,3,No,No,Season training author lot.
69,Brian Walker,42,297,6,No,Yes,They set front doctor century.
70,Fred Rodriguez,31,87,2,No,Yes,Yard dog pay follow those that Democrat.
71,Veronica Palmer,45,81,5,No,Yes,Decide coach attack per.
72,Fred Myers,30,289,17,No,Yes,Identify pretty protect woman.
73,Justin Meyers,67,463,4,No,Yes,Cause no plan seem nice.
74,Cynthia Delacruz,48,213,9,No,No,Society name course school fall bag should.
75,Patricia Smith,30,459,15,No,Yes,Paper happy investment song line question them entire.
76,Jackie Martin,57,107,11,No,Yes,Under sound short none group own.
77,Larry Mcintyre,49,410,17,No,Yes,Part direction law final safe.
78,Rebecca Hale,48,107,9,No,Yes,Where each seat between more world old.
79,Debra Brown,46,280,9,No,Yes,Feel card attention surface general else.
80,Michael Miller,68,207,6,No,Yes,Perhaps easy inside production word become while.
81,Stephanie Hill,43,455,17,No,Yes,Manager last picture specific consumer group plant.
82,Terry Phillips,24,278,3,No,Yes,Generation then enter available.
83,Carlos Martin,44,203,19,No,No,Business present campaign large.
84,Colin Cunningham,65,348,8,No,Yes,Green gas seem energy it if gas assume.
85,Aaron Hood,21,475,18,No,No,Family environment tell drive factor.
86,Mr. Kyle Collier,53,39,12,No,Yes,Operation ask late follow young.
87,Dillon Martinez,37,107,8,No,No,Seven show PM according.
88,Lance Salinas,22,192,4,No,Yes,General sense medical sense like model.
89,Marie Espinoza,69,413,11,No,No,Within coach skill wonder task development take.
90,Nathan Brown,46,135,6,No,Yes,Force herself kitchen since.
91,Albert Bailey,56,316,14,No,No,Leg north a mother three community level family.
92,Amy Wright,25,154,2,No,Yes,Drive young speak chance crime my agree bag.
93,Elizabeth Lucas,18,307,8,No,Yes,Voice environment mission work.
94,Heather Thomas,56,48,9,No,No,Production shoulder daughter week.
95,Susan Brown,67,149,18,No,Yes,Anyone poor treatment article moment figure.
96,Carla Hawkins,61,290,13,No,Yes,Own authority high speak official human choose safe.
97,Jasmine Bowers,25,248,2,No,Yes,Decide write visit back.
98,Elizabeth Huynh,68,423,7,No,Yes,Similar peace every blue.
99,Raymond Lopez,39,13,16,No,Yes,Difference course finally couple.
100,Alexis Cain,52,81,3,No,Yes,Listen college light short stand other.
101,Melvin Brock,60,253,7,No,Yes,Interest bring teacher fall road church.
102,Brenda Gonzales,27,407,1,No,Yes,Late several head western true truth.
103,Cynthia Myers,30,423,16,No,Yes,Get certain stay.
104,Aaron Newton,39,339,7,No,Yes,Traditional others wind himself mind.
105,Briana Smith,24,151,18,No,Yes,Eight learn rate so road clearly.
106,Travis Lyons,41,151,1,No,Yes,Similar around quality real must her seat tend.
107,Angela Ryan,38,466,6,No,No,Improve out star he sister material participant.
108,Brittany Fry,20,136,3,No,Yes,Claim politics draw pretty.
109,Diane Boyer,18,306,13,No,Yes,Chair put cost detail it about.
110,Mrs. Erin Moore,34,307,5,No,Yes,Necessary not spend thought management start understand.
111,Julie Mills,57,228,9,No,Yes,Become beautiful enter serve how.
112,Courtney Sutton,61,199,1,No,Yes,Kind per red write can.
113,Samantha Nelson,29,310,19,No,Yes,Able write authority early thus.
114,Charles Mayo,42,416,7,No,Yes,Country manage think expert live.
115,Nicole Garcia,61,325,3,No,Yes,Tough market thought lose raise price themselves.
116,Michael Chavez,21,409,8,No,Yes,Happy tax political who hour beat.
117,Brandon Jones,27,72,15,No,No,Already action movie myself.
118,Roberta Perez,18,182,8,No,Yes,Understand drop business election program.
119,Michael Murphy MD,43,156,2,No,Yes,Expert figure however nothing tough real current.
120,Jason Blackwell,55,103,5,No,Yes,Best bit with image herself.
121,Donna Moody,56,33,8,No,Yes,Begin together scene card perhaps.
122,Deborah Singh,62,17,10,No,Yes,Minute necessary after conference field.
123,Kristin Elliott,50,415,18,No,Yes,Whether majority mother thousand term well film language.
124,Lori Roberts MD,65,138,6,No,Yes,Professional however structure nothing same check.
125,Alisha James,53,188,16,No,Yes,Behavior compare community language half security almost sense.
126,Heather Stuart,54,332,14,No,Yes,Color sometimes citizen act state.
127,Maria Walker,62,138,14,No,No,Yet example beat.
128,Anthony Hale,30,485,10,No,Yes,Major gun theory traditional.
129,James Hendricks,55,258,16,No,No,Pretty boy realize beyond apply play.
130,Cynthia Lin,65,163,7,No,Yes,Why parent case drive stay produce.
131,Jason Frost,36,151,1,No,No,Pass yeah both today class likely generation type.
132,Gina Sanchez,36,454,8,No,Yes,Field film team say.
133,Jennifer Pierce,46,170,2,No,Yes,Bit economy senior raise ago us agency.
134,Rachel Yang,63,143,19,No,Yes,Maybe if source address two analysis answer role.
135,Steve Smith,61,50,3,No,Yes,New option west seem pass travel understand.
136,Christian Rodriguez,29,136,3,No,Yes,Daughter impact central watch bring often change.
137,Phyllis Brown,22,442,3,No,Yes,Election drop vote bill speak.
138,Jordan Cuevas,32,257,4,No,Yes,Prevent become relationship determine step.
139,Sharon Ramsey,44,16,9,No,Yes,Ball coach threat consider reach design great food.
140,Ricardo Rollins,56,146,5,No,Yes,Bit candidate discussion part much interesting always evidence.
141,Ashley Thompson,51,28,15,No,Yes,Research social weight ready international couple any.
142,Melissa Mooney,38,458,17,No,Yes,Age activity street.
143,Stacey Hall,68,321,4,No,No,Despite sell partner test compare.
144,Madison Walsh,25,458,1,No,Yes,Low house piece cause of.
145,Anthony Jones,27,445,2,No,Yes,Arrive short never public easy put.
146,Alyssa Lang,51,396,3,No,Yes,Baby American various break establish open.
147,Cynthia Woodward,60,327,3,No,Yes,Move seek cup wish well least.
148,Deborah Rodgers,69,368,18,No,Yes,Far attorney small American alone people interview real.
149,Connor Miles,27,88,6,No,No,Chance sit exactly direction everyone.
150,Gregg Larson,19,248,6,No,Yes,Off might crime time cultural its office.
151,Michael Hobbs PhD,32,189,16,No,Yes,Attack paper left day player.
152,Mrs. Crystal Smith,28,403,1,No,No,Summer as model travel either sing a.
153,Christopher Townsend,44,488,15,No,Yes,Western decision rule see administration nice opportunity produce.
154,Anna Moore,30,105,19,No,Yes,Most design matter own act fight everybody.
155,Briana Moran,66,22,2,No,No,Through tax several development have notice.
156,Shawn Bradley,39,365,13,No,Yes,Radio color blood line today.
157,Alexander Nelson,67,318,6,No,No,Floor require security gun senior property drug.
158,Samantha Spence,67,165,17,No,Yes,Paper fly parent soldier cup international.
159,Travis Adkins,50,72,5,No,Yes,Talk unit appear enough culture.
160,Billy Duran,31,366,20,No,No,Difference laugh risk talk other easy attention test.
161,Jeffrey Kim,64,333,15,No,Yes,Team particularly southern more near.
162,Rachel Brown,43,18,17,No,Yes,Something base why reach west government.
163,Emily Ellison MD,65,478,2,No,No,What each system home quite.
164,Susan Martinez,66,43,16,No,Yes,Join do quickly program.
165,Michele Gray,37,18,20,No,Yes,Play continue change.
166,Bobby Maynard,45,169,2,No,Yes,Certain police challenge.
167,John Chavez,37,209,12,No,Yes,Serious shoulder baby early ten number.
168,Mike Ramsey,31,201,13,No,Yes,Life west support financial run data important.
169,Edward White,41,332,8,No,Yes,Administration bed market resource try question choice.
170,Ashley Lee,40,449,6,No,Yes,Film everybody woman organization nearly organization recently.
171,James Martinez,36,410,19,No,Yes,Wonder charge value design.
172,Rachel Pena,47,106,5,No,Yes,Start understand along wife share.
173,Craig Hernandez,31,422,6,No,Yes,Language after message peace light practice service.
174,Anna Huff,70,428,16,No,Yes,Five money myself first.
175,Billy Newton,28,235,16,No,Yes,Since shake strategy suffer little together control them.
176,William Wyatt,38,170,11,No,Yes,Task position church hotel decide man research.
177,Kenneth Thomas,39,34,4,No,No,Support cost threat many.
178,Michael Gordon,29,228,18,No,Yes,It most training around open.
179,Tina Dunn,18,373,11,No,No,Run hospital firm prepare interview election card.
180,Krista Stewart,24,324,17,No,Yes,Should establish together help.
181,Michael Knox,27,257,14,No,Yes,Administration candidate receive everyone report image course.
182,James Phelps,66,362,14,No,Yes,Or gun learn activity edge keep effect.
183,Timothy Clarke,57,145,20,No,Yes,Head responsibility speech each.
184,Timothy Hubbard,44,202,8,No,Yes,Seek general quality leave PM would will.
185,Lori Nguyen,61,209,16,No,Yes,Single put crime house weight share.
186,Sara Pacheco MD,25,447,16,No,Yes,Open agency hundred call.
187,Matthew Young,37,482,2,No,No,Even left practice daughter century boy mother.
188,Jason Miller,52,482,2,No,Yes,Those until economic drug.
189,Zoe Jones,24,215,10,No,Yes,Away crime natural onto.
190,Nicole Figueroa,35,496,15,No,Yes,Cell million miss call.
191,Victoria Garcia,59,90,16,No,Yes,Pull college role when near degree price under.
192,Joseph Miles,48,108,7,No,Yes,Become loss responsibility wall.
193,Shelby Hill DDS,36,285,17,No,No,Focus guess surface number someone town.
194,Nicole Williams,27,277,4,No,Yes,Director wear beautiful recognize memory might drop.
195,Sabrina Floyd,35,325,11,No,Yes,Movement which often glass road computer series.
196,Jeff Thompson,38,288,20,No,Yes,Company allow whether parent of shoulder.
197,Paula Stein,32,203,6,No,Yes,End way very material.
198,Michael Lee,22,137,14,No,Yes,Clearly feel Democrat trip similar protect back.
199,Brandon Franco,30,113,3,No,Yes,Respond who teacher lot doctor.
200,Tanya Anderson,46,21,19,No,Yes,Unit many late write second certainly mother.
201,Theresa Rodgers,53,337,5,No,Yes,That behavior guy full food.
202,Cynthia Wilson,22,109,18,No,Yes,Small wonder future skin community serve whose.
203,Kevin Weaver,36,498,14,No,No,Interview floor wait none campaign manager pick.
204,Nicholas Henderson,37,332,18,No,Yes,Ever approach accept it morning coach another.
205,Ann Davis,27,380,11,No,Yes,Different develop kid professional play every.
206,Daniel Evans,45,139,19,No,Yes,Happen skill power marriage trouble major.
207,James Bentley,20,116,13,No,Yes,Face lose final cover.
208,Christina Nelson,70,299,19,No,No,In we director evidence civil government.
209,Sabrina Simmons,63,385,20,No,Yes,Important start seem official point be agency.
210,Megan Williams,50,316,16,No,Yes,First whom well here.
211,Mary Scott,58,350,18,No,Yes,Him officer live form minute.
212,Julie Garcia,62,25,10,No,Yes,Subject capital so despite.
213,Heather Lopez,28,68,11,No,No,Sort answer she scientist.
214,Charles Carter,57,214,14,No,Yes,Sign particularly plan would live.
215,Cheryl Cannon,62,79,14,No,Yes,There reveal establish capital occur perhaps adult.
216,David Palmer,45,333,7,No,No,Over occur start candidate there.
217,Susan Neal,70,431,2,No,Yes,Interest worry difference everybody yeah.
218,Ms. Robin Wong DDS,33,154,7,No,Yes,Alone someone church personal.
219,Michelle Nelson,27,195,5,No,Yes,Form pattern heavy open let mean everything.
220,Katherine Wright,60,312,20,No,Yes,Carry bill major court.
221,Madison King,67,451,18,No,Yes,Quickly trial dog about.
222,Sylvia White,33,20,5,No,Yes,Send put contain almost.
223,Amy Trevino,40,154,10,No,Yes,Fact avoid stock management.
224,Joshua Bell,68,396,1,No,Yes,Make thought small adult why rule family direction.
225,Rachael Vargas,26,99,7,No,Yes,And town allow per yourself even.
226,Lindsey Haynes,67,405,17,No,Yes,Game task sign carry.
227,Vincent Clark,50,330,13,No,Yes,Assume city dark country pay try raise draw.
228,Patrick Smith,24,258,13,No,Yes,Start read art owner story national worker.
229,Lisa Morales,43,285,17,No,Yes,See few foot in last gas professional.
230,Patrick Harrington,52,334,13,No,Yes,Six base image new.
231,Kelly Turner,49,401,7,No,Yes,Find trouble small later sea win push.
232,Barbara Baker,37,333,19,No,Yes,Spring sense for eye impact stand sell even.
233,Patricia Dunn,49,54,2,No,Yes,Environment others enjoy Democrat keep now.
234,Martin Jacobs,20,165,12,No,Yes,On hour three leave.
235,Rachel Stanley,52,329,2,No,Yes,World sit support which billion newspaper.
236,Ariana Brown,24,51,12,No,Yes,Some whole commercial.
237,Laura Velez,68,27,17,No,Yes,Suggest paper plant issue drop likely either.
238,Cody Adams,56,120,19,No,Yes,Section present everybody card energy whose whether.
239,Nicole Jackson,47,137,16,No,Yes,Meeting than wish thus fill manager.
240,Erin Walker,42,72,5,No,Yes,No enter point first first process scientist.
241,Gary Allen,43,348,14,No,Yes,Whose share figure long message two according discussion.
242,Kathy Kennedy,66,421,19,No,Yes,Special certain small suddenly expert site rock.
243,April Rodriguez,70,350,10,No,Yes,Win most success.
244,Sean Parker,65,472,3,No,Yes,Season on on bit to.
245,Colleen Byrd,23,282,17,No,Yes,They discuss speak between address physical nation risk.
246,Danielle Johnson,68,21,11,No,Yes,Determine popular simply very of.
247,Christine Tyler,29,315,4,No,Yes,Expert good pattern campaign country phone.
248,Joshua Brown,62,184,15,No,No,You seek explain behavior half management.
249,Rachel Nelson,28,63,18,No,Yes,Also small blue.
250,John Anderson,38,252,14,No,Yes,Either attention matter study wall interview wonder.
251,Joan Serrano,49,206,3,No,Yes,Prepare executive who movie.
252,Lisa Fields,40,105,15,No,Yes,Each election fine impact four.
253,Elizabeth Reyes,23,27,14,No,Yes,Keep writer consumer class.
254,Theresa Dougherty,56,428,16,No,Yes,Value include system trouble.
255,Sandy Young,46,150,15,No,Yes,Wear half natural ground his physical source.
256,Gregory Anderson,44,423,12,No,Yes,Exactly learn turn.
257,Stephanie Sanders,51,192,6,No,Yes,Brother everything human measure born office fire.
258,Barbara Rivas,55,66,10,No,Yes,Specific control project music stage look clear.
259,Richard Ramirez,46,45,4,No,Yes,Pretty affect listen impact appear.
260,Deborah Oneal,66,144,8,No,Yes,Record stop admit.
261,Robert Lee,28,428,8,No,Yes,Job buy course year.
262,Janet Brown,54,416,13,No,Yes,Factor behind relate me appear per.
263,Brett Peterson,66,136,9,No,Yes,Nothing whether society follow.
264,Austin Sweeney,48,76,13,No,Yes,Play across onto.
265,Taylor Stark,23,290,7,No,Yes,Dinner war present top.
266,Robert Brown,53,470,19,No,Yes,Religious spend nice beat fight grow.
267,Katherine Rodriguez,67,258,9,No,Yes,Practice allow PM born key answer.
268,Joseph Simpson,48,280,11,No,Yes,Bill pretty power bar coach party.
269,Kaitlyn Moore,39,112,13,No,Yes,Example community long current page.
270,Dana Miller,61,90,1,No,Yes,Above but son start could main.
271,Dawn Schmidt,45,424,7,No,No,Together follow as care.
272,Anthony Dickson,22,496,10,No,Yes,Suddenly beyond cold.
273,Lauren Lowe,58,111,18,No,Yes,Left let moment positive Republican game.
274,Martha Lopez,47,318,1,No,Yes,Brother perhaps leader debate hope tree growth serve.
275,Javier Jones,70,206,7,No,No,Security point hospital leader owner record she.
276,Olivia Miller,33,466,15,No,Yes,Young somebody career.
277,Brenda Nash DDS,40,46,9,No,Yes,Everybody attorney skin site.
278,Ariel Jones,40,23,11,No,Yes,Nor think husband couple.
279,Lauren Rivera,39,389,13,No,Yes,Around simple compare religious.
280,Candice Boyd,42,321,14,No,No,View heart most pressure side indeed fund.
281,Jeffrey Smith,21,103,18,No,Yes,Safe good edge school serious similar.
282,Holly Tyler,65,202,13,No,Yes,Feel wall remain herself girl forward offer.
283,Crystal Mccarthy,26,247,11,No,Yes,Reach activity after argue.
284,James Hayes,52,430,2,No,Yes,Fine usually school half today.
285,Michael Cohen,35,88,19,No,No,Society information debate realize close water.
286,Elizabeth Weiss,22,41,20,No,No,Everything group never full Mrs term model cup.
287,Tyler Guerrero,58,500,10,No,Yes,Forget edge tell body.
288,Joseph Brown,50,296,5,No,Yes,Maintain people mean gun no get window.
289,James Pearson,48,297,11,No,Yes,Color little hard condition land.
290,Carolyn Short,36,67,17,No,Yes,Opportunity call certainly idea.
291,Jeffrey Turner,64,13,7,No,Yes,Including group break side up traditional.
292,Caleb Foster,33,388,3,No,Yes,Seven suggest relate.
293,Jessica Glenn,42,159,18,No,Yes,Without vote dream relate first mission.
294,Sarah Hughes,56,276,5,No,Yes,Whether responsibility prevent goal.
295,Katherine Paul,61,411,5,No,Yes,When fear usually.
296,Ronald Brown,25,412,5,No,Yes,Sister data yourself.
297,Matthew Browning,61,167,18,No,Yes,Anything degree effort low.
298,Michelle Glass,42,482,4,No,Yes,North final trouble director culture field.
299,Michael Park,21,237,20,No,Yes,Focus business pass marriage partner.
300,Brooke Bishop,49,158,4,No,Yes,Hour anything drug beat bring.
301,Edward Patel,41,226,15,No,Yes,Ten price law cost defense city.
302,Suzanne Jackson,60,44,5,No,Yes,Better send ever on movement.
303,Benjamin Davis,30,379,10,No,Yes,Teach Congress each property mouth test.
304,Cynthia Russell,63,293,4,No,Yes,Catch foreign subject ago how level politics let.
305,Jay Kelly,38,394,11,No,Yes,Year identify dream now act.
306,Patricia Thomas,46,477,5,No,Yes,Report face sign police collection radio end.
307,Scott Craig,53,482,1,No,No,Situation tonight house scene budget.
308,Travis Wheeler,30,250,6,No,Yes,Land lead upon.
309,Michael Malone,44,213,8,No,Yes,Town scene rate lot whose.
310,Joseph Walsh,23,485,7,No,Yes,Politics choose allow yeah national president person.
311,Kathleen Martinez,38,489,12,No,Yes,Might which life half.
312,Marissa Wolfe,45,297,5,No,Yes,Example music high even wall.
313,Sharon Kirk,47,106,3,No,Yes,Miss large sound fund.
314,Lisa Scott,58,452,10,No,Yes,To let instead pressure.
315,Laura Hess,34,93,5,No,No,Edge record other computer risk cost sister.
316,Amanda Campbell,32,364,14,No,Yes,Contain Mr trip find condition beyond.
317,Jennifer Barker,42,30,10,No,Yes,Class huge order common class feeling ability.
318,David Valenzuela,38,169,19,No,No,Reveal perform key everyone by peace see rather.
319,Laurie Miller,34,468,14,No,Yes,Nearly see small try.
320,Alexis Bennett,27,260,1,No,Yes,Stage produce focus return billion.
321,Steven Scott,51,131,3,No,No,Claim organization order I.
322,Brittany Fuentes,18,368,10,No,Yes,Interest radio according trouble successful.
323,Patrick Bishop,18,428,1,No,Yes,Heavy record public item subject else moment city.
324,Preston Li,58,97,9,No,No,Tv it allow inside window.
325,Edward Maynard,51,450,13,No,Yes,Bed try check left draw really Mr state.
326,Kimberly Alvarez,49,194,14,No,Yes,Name include make right.
327,Martin Wilkerson,37,251,10,No,No,Including moment analysis add.
328,Jasmine Cook,53,276,3,No,Yes,Wife southern class western.
329,Ryan Kidd,42,288,20,No,Yes,Drop size worry increase article seem over.
330,Raymond Kennedy,63,446,17,No,Yes,Town to this sign.
331,Nancy Fischer,59,209,1,No,Yes,Available cause itself question.
332,Jessica Garcia,20,337,6,No,Yes,Movement drop can hospital use herself.
333,Joanna Lee,70,231,20,No,Yes,Performance happen instead site significant strong control.
334,Joel Washington,18,454,12,No,Yes,Statement beyond consumer ok son before.
335,Melanie Franklin,30,237,11,No,Yes,Country their until its school five computer.
336,Janet Davis,67,445,9,No,No,Success exactly on create investment safe.
337,Margaret Wall,32,400,13,No,Yes,Someone Republican cause relationship small go interview leader.
338,Edwin Schmitt,32,305,16,No,Yes,Film physical imagine.
339,Carrie Walton,56,25,16,No,No,Either behind since service challenge environment white.
340,Michael Robinson,34,325,16,No,No,Top card explain grow alone lead.
341,Jason Gill,42,455,20,No,Yes,Floor course college some.
342,Jennifer Macias,60,330,16,No,Yes,Music kid girl.
343,Christopher Hicks,40,120,10,No,Yes,Important Mr worker at above.
344,Susan Garcia,33,197,3,No,No,Realize point describe discuss case speak.
345,James Murphy,50,20,5,No,Yes,Affect early save into yes employee.
346,Ashley Jensen,39,423,4,No,Yes,Discover grow story he guy language development.
347,Jesse Williamson,57,406,19,No,Yes,Second physical under toward.
348,James Romero,24,232,16,No,Yes,Specific college a song.
349,Stanley Williams,20,495,4,No,Yes,Fight free dinner friend.
350,Bradley Copeland MD,43,349,14,No,No,Involve Mrs former book home.
351,Peter Ford,44,366,12,No,Yes,Ahead effect assume.
352,Laura Martinez,25,345,17,No,Yes,Open huge defense later community lay.
353,Cheryl Wilkinson,21,289,15,No,Yes,Research product field public discuss friend Mr.
354,Savannah Miller,33,230,12,No,Yes,Return continue what sometimes chance later.
355,Gregory Walker,36,485,17,No,Yes,Trial field nothing others.
356,David Fisher,59,134,1,No,Yes,Candidate power find yes TV meet.
357,Sara Santos,19,402,11,No,Yes,Range three report prepare ever before.
358,Jimmy Ruiz,52,27,2,No,Yes,Relate two scientist include suddenly indeed rich term.
359,Jared Brown,32,347,19,No,Yes,Technology machine consider begin feel wait.
360,Gabriel Dudley,64,419,20,No,Yes,Consumer child include view.
361,Nicole Christian,51,280,13,No,No,Receive week boy really effort give trade.
362,Adam Vincent,26,128,14,No,Yes,Side available everything arm who.
363,Monica Lewis,48,280,13,No,Yes,Set food order month buy.
364,Carl Andrews,24,475,13,No,Yes,Voice note offer always consumer agency region.
365,Kristin Singh,30,443,6,No,Yes,Lawyer instead eye actually.
366,Ashley Nguyen,22,117,18,No,Yes,Mr hundred answer own say.
367,Dustin Johnson,50,444,10,No,Yes,Stay administration over age north gas.
368,Sharon Ruiz,44,413,6,No,Yes,Color energy collection analysis member.
369,Mary Rubio,23,216,18,No,Yes,Position home recently him break staff beat.
370,Robyn Strickland,41,121,9,No,Yes,College large role learn.
371,Andrea Wilson,40,187,5,No,No,Purpose already since student shake experience son.
372,Steve Cline,57,416,13,No,Yes,Must company standard sell.
373,Rebekah Ellis,29,486,10,No,Yes,Option second want mind matter.
374,Lucas Griffin,31,214,18,No,No,Toward cup itself economy.
375,Betty Owens,22,216,4,No,No,Able property picture appear finally accept.
376,Karen Wall,49,449,4,No,No,Dream record whole individual term.
377,Nicole Fuentes,29,114,18,No,Yes,Whatever boy within.
378,Justin Mendez,37,225,14,No,Yes,View box three green pull present.
379,Nathan Davis,23,324,11,No,No,Choose military commercial true major seven entire.
380,Brenda Ball,65,71,16,No,Yes,Strong economic teach phone of.
381,Brian Buchanan,64,487,9,No,Yes,Moment heart yes section I easy from.
382,Nicole Guerra,67,36,20,No,Yes,Three difficult system brother tough cause adult.
383,Kirk Singleton,53,108,8,No,Yes,Deep research and dinner particular ability ahead range.
384,Lee Mcguire,48,118,18,No,Yes,Enough good month into feeling some final.
385,Anna Smith,31,355,9,No,Yes,Feel after go top matter life religious.
386,Darren Moreno,66,57,2,No,Yes,Television keep investment minute market because.
387,Shannon Grant,54,451,14,No,Yes,Strong already first improve relationship.
388,Darin Burgess,69,286,6,No,Yes,Pressure position answer least road international.
389,John Munoz,38,449,6,No,No,Anything than low candidate.
390,Allison Thompson,47,267,13,No,Yes,Boy scientist wife draw himself.
391,Lauren Garza,58,421,9,No,Yes,Group attack system cell.
392,Jeremy Stewart,34,249,18,No,Yes,Example sure really despite response rule image computer.
393,Kristina Webb,60,51,12,No,No,Difference couple material door open.
394,Jeremiah Suarez,43,393,3,No,No,Challenge likely us start gun moment receive everything.
395,Janet Wilcox,33,429,11,No,Yes,Throw manager able material fast serious decision.
396,Erica Gonzales,56,136,12,No,Yes,Say toward increase thought result.
397,Janet Perez,45,127,10,No,Yes,Billion entire rest fish.
398,Tina Nguyen,22,342,15,No,Yes,Perform itself stock.
399,Andrea Beck,50,83,18,No,Yes,Instead early sit through service.
400,Megan Jackson,48,396,3,No,Yes,Way protect particularly.
401,Dustin Brown,61,15,5,No,Yes,Election her important around ever minute authority.
402,Ryan Ramos,36,500,9,No,Yes,Western treat young paper else.
403,Samantha Boone,43,267,1,No,Yes,Blue way old model indicate plan difficult indicate.
404,Rhonda Silva,45,177,2,No,Yes,Something particular question continue.
405,Justin Simmons,64,186,20,No,No,Every add model participant.
406,Adam Owens,32,95,20,No,Yes,Note reflect strong owner degree.
407,Jason Anderson,62,367,12,No,Yes,Garden loss enjoy lay professor.
408,Mr. Michael Bullock,44,250,11,No,Yes,Although analysis role whatever interest least.
409,Benjamin Edwards,27,390,1,No,Yes,Situation throw thought century large call base beat.
410,Jacob Oliver,29,446,5,No,Yes,Prevent support wall oil themselves personal.
411,Joshua Hunter,20,224,18,No,Yes,Issue expert president two.
412,Wesley Douglas,53,81,7,No,No,Almost goal election animal.
413,Billy Campbell,45,469,14,No,Yes,Science police there later save together might.
414,Karen Fletcher,62,364,19,No,Yes,Though best do PM.
415,Nicole Huber,49,235,7,No,No,Focus first including husband ten tree task.
416,Antonio Nelson,19,42,3,No,Yes,Benefit former can late.
417,Jody Richards,41,39,17,No,Yes,Leave civil technology smile.
418,Lisa Brown,20,353,13,No,Yes,Receive institution spend age almost compare relationship whole.
419,Karen Miller,25,423,11,No,Yes,Seek section attention world partner.
420,Tara Brock,43,166,20,No,Yes,Record west whether within parent day team.
421,Peter Hernandez,24,174,16,No,No,Establish decide after material stock both short nature.
422,Rebecca Herrera,57,135,20,No,Yes,Organization research for treatment.
423,Bryan Burton,53,143,7,No,Yes,Reach send list charge.
424,Catherine Kelley,57,48,14,No,Yes,Network green look son remember.
425,Sarah Gutierrez,62,187,18,No,Yes,Wrong collection specific unit keep.
426,Laura Reese,36,241,6,No,Yes,Heart else style put.
427,William Smith,32,291,14,No,Yes,Trade road upon city third.
428,Barry Kline,22,439,1,No,Yes,Class fly interview trade current record.
429,Tracey Webb,29,173,2,No,Yes,Mind financial participant notice.
430,Stephanie Simmons,21,222,20,No,Yes,Crime city six ball now by.
431,Tammy Wood,52,244,3,No,Yes,Dog then real use let meeting.
432,Jeffrey Robertson,46,469,11,No,Yes,Employee half according.
433,Susan Carter,42,404,16,No,Yes,Generation ten performance middle.
434,Katrina Martinez,31,68,9,No,Yes,Peace necessary agreement among far.
435,Susan Peterson,68,189,10,No,Yes,Report age turn particularly analysis hope speech collection.
436,Dana Jones,45,331,5,No,No,Still population side key.
437,Laura Medina,43,162,7,No,No,Need heart near bad feel play.
438,Michael Spence,38,260,20,No,Yes,Thought research enjoy capital.
439,Meghan Mullins,58,108,4,No,Yes,Upon send concern term include could.
440,Brenda Harris,68,480,14,No,Yes,Hundred report project behind.
441,Christopher Molina,29,256,18,No,Yes,End sister wall must believe writer.
442,Kevin Powers,63,82,16,No,Yes,Race guy offer her.
443,Jeanette Frye,35,264,7,No,Yes,Goal dream break skill whatever world bed.
444,Cameron Smith,56,25,7,No,Yes,Themselves official scientist involve player position share reduce.
445,Stacey Smith,36,89,10,No,No,Call follow most maintain item cost candidate per.
446,Jenny Tate,46,215,4,No,Yes,Out happy senior.
447,Sabrina Campbell,34,29,17,No,Yes,Cold hand both space must school despite.
448,Robert Reyes,25,484,8,No,Yes,Fast public hour hotel.
449,Tony Robinson,64,194,14,No,Yes,Program food while.
450,Theresa Perry,52,19,12,No,Yes,Store low four decision southern owner big.
451,Anthony Hancock,57,334,15,No,Yes,Treat compare air either.
452,Lisa Ramirez,67,279,18,No,Yes,Body affect trade city population decade.
453,Kelly Perez,63,26,11,No,Yes,Change six current kitchen rest soldier.
454,Michelle Smith,30,74,6,No,Yes,Picture wind floor treatment part gun.
455,Kristin Anderson,22,453,9,No,Yes,Without church concern sport.
456,Donna Johnson,26,71,16,No,Yes,Their buy citizen discussion drop nature.
457,James Stone,37,254,14,No,No,Growth room dark build go.
458,Ashley Smith,33,428,2,No,Yes,Carry real ball difference indeed night.
459,Phillip Mclean,41,240,6,No,Yes,Both when true agent picture.
460,Melinda Colon,47,47,15,No,Yes,Central bar able move common sound low.
461,Sean Flores,38,174,11,No,Yes,Human rich side.
462,Jason Hernandez,57,168,3,No,Yes,Relate top page place.
463,Beth Guzman,20,68,7,No,Yes,Hospital keep my fall decade mother call source.
464,Maria Patel,59,134,4,No,Yes,Brother while off both happen.
465,Michael Carey,41,274,7,No,Yes,Back score sister thought.
466,Cynthia West,60,100,19,No,Yes,A recognize according break health four.
467,Elaine Williams,63,347,15,No,Yes,Second cultural if.
468,Carrie Smith,62,220,6,No,Yes,Kitchen career difficult station everything.
469,Curtis Kaufman,67,393,10,No,Yes,Better yes simply property short.
470,Kimberly Johnson,27,192,19,No,No,Same space and nearly.
471,Timothy Pugh,31,127,10,No,Yes,House card throw during plan free.
472,Leroy Herrera,37,448,8,No,Yes,Night suggest whatever hospital such court.
473,Rebecca Schwartz,70,146,8,No,Yes,Skin if still keep before born.
474,Jeremiah Morgan,41,340,4,No,No,Way agree effort last.
475,Rebecca Hopkins,41,476,3,No,Yes,Keep whatever fine agree audience.
476,Amanda Barnes,59,134,3,No,No,Expert reduce rich dark method.
477,Sabrina Robinson,66,22,13,No,Yes,Present speech form course simple century sound.
478,Angela Robinson,40,74,15,No,No,Oil song citizen table approach throw.
479,William Smith,33,65,12,No,Yes,Friend better go magazine.
480,James Scott,47,228,19,No,Yes,Red rule idea billion rest.
481,Shawn Chambers,58,341,4,No,Yes,That owner difference skin eight star part.
482,Michael Wolfe,40,61,7,No,Yes,Scientist remain customer new painting foot.
483,Pamela Turner,42,21,13,No,Yes,Majority school near imagine support these something.
484,Natasha Robinson,44,303,3,No,Yes,Available pretty letter point.
485,Connie Valencia,59,248,10,No,Yes,Card city benefit trip.
486,Natalie Luna,23,56,4,No,Yes,Simply when avoid class argue boy subject eye.
487,Jose Nguyen,24,176,6,No,Yes,Third national situation still approach policy technology push.
488,Catherine Johnson,19,449,4,No,Yes,Toward themselves leave heart.
489,Kathleen Alvarez,61,73,4,No,Yes,Daughter compare suffer.
490,Denise Ballard,34,253,18,No,No,Article address them lay control head relate.
491,Donald Henderson,33,202,15,No,Yes,Newspaper car follow control face free present.
492,Melissa Ward,26,458,5,No,No,Worker hair magazine sometimes building.
493,Marilyn Kramer,43,104,6,No,Yes,Positive real alone help interview Democrat many.
494,Lindsay Owens,43,174,3,No,Yes,Left home of his nice.
495,Laura Hall,30,387,2,No,No,Article address country.
496,Kevin Smith,50,74,4,No,No,Lot onto toward rule court check.
497,Nathan Brown,39,372,14,No,Yes,Contain cup before assume to no situation.
498,Joseph Lopez,21,469,16,No,Yes,Loss rise hit culture example green.
499,Brittany Ramirez,58,188,16,No,Yes,Organization tough street mouth.
500,Debra Stuart,48,342,7,No,Yes,Determine address I blue so.
501,Patrick Cox,33,304,16,No,Yes,More off world third.
502,Brittany Munoz,24,418,6,No,Yes,Enough allow couple somebody door.
503,Heather Salas,54,208,8,No,No,We stock matter similar court.
504,Chelsea Smith,68,194,2,No,Yes,Seven imagine affect growth.
505,Kara Greene,48,489,12,No,Yes,These crime kind ready alone firm left.
506,James Hicks,64,149,7,No,Yes,Together country eat size face manage success night.
507,David Baker,57,348,5,No,Yes,Leave understand explain.
508,Michael Cervantes,33,150,14,No,Yes,Appear economic professor family after go stock.
509,Daniel Alexander,24,360,12,No,Yes,Since hear offer land image road its feeling.
510,April Washington,69,391,8,No,No,Participant effort break against price reduce song.
511,Gabriel Davidson,64,442,19,No,Yes,Management less resource.
512,Aaron Petersen,65,190,10,No,Yes,Wonder certainly high eat less.
513,Gary Cooper,62,448,13,No,Yes,Player image stuff to national among.
514,Dr. Dwayne Horne,46,149,14,No,Yes,Look difficult win office behavior.
515,Jessica Sanford,31,480,11,No,Yes,Charge develop discover easy tough.
516,Timothy Roth,35,368,6,No,Yes,Go test several fill decision race.
517,Roy Benjamin,52,248,15,No,No,Memory paper will husband leg take race.
518,Sherry Fields,67,389,12,No,Yes,Artist effort test state majority across high night.
519,Joshua Hudson,44,425,5,No,Yes,Report reflect decade meeting result true sure.
520,Ashley Shaw,66,258,20,No,Yes,Building color federal one.
521,Zachary Diaz,21,251,18,No,Yes,She card rather item space police.
522,Beth Hudson,18,66,13,No,Yes,Serious good lead nation win feel either successful.
523,Terry Snyder,26,469,9,No,Yes,Know in product sea best.
524,Bryce Campbell,31,313,14,No,Yes,Leave administration either air alone officer.
525,Teresa Humphrey,51,429,10,No,Yes,Enter lead measure physical production able.
526,Taylor Martin,56,20,7,No,Yes,Human consumer argue mission responsibility.
527,Douglas Boyd,35,324,5,No,No,Seek choice vote magazine whether.
528,Tammy Cervantes,57,307,14,No,Yes,Street car stand feel performance know law.
529,Janice Mcmillan,33,217,2,No,Yes,Those suffer shake city affect car myself.
530,Dustin Cook IV,64,309,9,No,No,Nature their son air.
531,Joseph Johnson,33,418,2,No,Yes,Sense garden only thought hour fast likely.
532,Jason Schmidt,29,112,2,No,Yes,Us star ever maintain management.
533,Michael Lee,67,389,19,No,Yes,Maintain response happen political image.
534,Tina Serrano,57,86,18,No,Yes,Must before prepare go today international do.
535,Darin Baker,70,141,18,No,Yes,Character hold doctor notice blue though.
536,Miguel Hoover,46,59,7,No,No,Nation product job live that understand.
537,William Fletcher,44,18,1,No,Yes,Production east stay risk.
538,Bruce Dawson,59,402,2,No,No,Newspaper care notice nation address star.
539,Robert Bailey,59,372,2,No,Yes,Age each quality letter they.
540,Gregory Melton,53,276,7,No,Yes,It partner crime eight follow determine.
541,Joseph Callahan,33,56,10,No,No,Bad partner out media produce like field.
542,Jordan Riddle,49,472,13,No,Yes,Seven resource cut carry else training.
543,Joseph Wilson,46,483,3,No,Yes,Population something central.
544,Tiffany Scott,19,189,12,No,No,Election herself realize industry another have lot.
545,Mrs. Lisa Gross,27,351,7,No,Yes,Too themselves citizen apply myself dark.
546,Mrs. Kathy Morris MD,27,298,11,No,Yes,Join commercial event.
547,Bridget Lee,54,310,20,No,Yes,Attack nice moment.
548,Regina Williams,60,61,8,No,Yes,Boy eat site.
549,Paul Anderson,67,47,3,No,Yes,Throw police training tend although thus.
550,Hannah Roberts,39,228,20,No,No,School hour answer pick door.
551,Gail Thomas DDS,65,250,12,No,Yes,Reveal outside director white chair growth hot.
552,Paul James PhD,52,100,13,No,Yes,Suddenly today create large finish.
553,Sonya Williams,56,307,5,No,Yes,Listen note not stay.
554,Kathryn Wells,29,96,12,No,Yes,Arrive doctor structure never sea however.
555,Jerry Hernandez,36,399,10,No,Yes,It drive fall common.
556,Philip Martinez,68,86,18,No,Yes,Issue inside view time ball ground north.
557,Maurice Chapman,59,173,10,No,Yes,Mission glass rest interesting tough support surface.
558,Travis Norris,34,419,18,No,No,Total need drive business conference real.
559,Tracy Pearson,43,167,15,No,No,Admit performance Congress.
560,Nathaniel Acevedo,23,34,11,No,Yes,Their scene civil miss century study.
561,Jillian Brooks,50,478,17,No,No,All total present local hold energy watch.
562,Angela Garcia,20,108,18,No,No,Off left teach.
563,Kathy Meadows,50,129,15,No,No,West computer task which decide first common.
564,Cody Davis,31,76,2,No,Yes,Beat international economic race.
565,Nicholas Adams,50,281,12,No,Yes,Hotel middle alone serve interview feeling.
566,Anthony Fields,44,299,11,No,Yes,Performance exactly pressure what fact behavior security.
567,Keith Daugherty,52,499,10,No,No,Environmental democratic entire choice purpose organization blood.
568,Jeremy Diaz,21,302,15,No,Yes,Deal most before system listen.
569,Jennifer Floyd,32,91,11,No,Yes,Move walk old listen contain establish take.
570,Bryan Morales,61,34,10,No,No,Some money enough any husband option whom.
571,David Schroeder,42,24,20,No,Yes,Since only offer current under.
572,Heather Garcia,55,338,7,No,No,South send matter pattern grow to.
573,Kevin Johnson,68,156,8,No,Yes,Next cut think thing those.
574,Joshua Deleon,29,23,5,No,Yes,Long American candidate model something year.
575,Joshua Miller,41,387,4,No,Yes,Fine without little young shoulder arm.
576,Mrs. Barbara White MD,57,409,13,No,No,Ask condition professor attorney radio see.
577,Jennifer Davis,58,398,2,No,Yes,Forget game save truth hold political.
578,Arthur Gonzales,44,461,11,No,Yes,Me hold year.
579,Charles Hill,65,154,7,No,Yes,Unit improve believe behavior ask debate edge.
580,Makayla Kelley,40,261,15,No,Yes,Police must scene late.
581,Shelby Gray,46,63,4,No,No,Term approach down most total.
582,Jennifer Acosta,68,144,14,No,Yes,Staff two out natural matter.
583,Christopher Turner,66,302,6,No,Yes,Past administration particular.
584,Mr. Randall Jones,46,244,4,No,Yes,Education view music site federal.
585,Wendy Park,32,51,3,No,Yes,Indicate history arm another.
586,Robert Larson DDS,63,419,20,No,Yes,Size along increase control.
587,Christina Burns,46,281,18,No,No,Yeah meeting summer item easy budget much.
588,John Johnson,21,262,1,No,Yes,Keep let study computer.
589,Matthew Cross,35,430,18,No,Yes,Staff use second box act compare.
590,Vincent Rowe,43,376,3,No,Yes,Become anything each.
591,Tracy Powers,41,159,1,No,Yes,Since Republican color.
592,Mary Miller,28,489,4,No,Yes,Thought paper attention receive.
593,Robert Robertson,48,234,18,No,Yes,Feeling inside data from already back language.
594,Anthony Morrison,35,257,18,No,Yes,Go draw partner speech example third budget.
595,Kaitlyn Wilson,32,314,19,No,No,Power eat business marriage mention feel.
596,Mary Bryant DDS,19,495,2,No,Yes,Stop look assume.
597,James Dalton,47,416,12,No,No,Art blood traditional everything.
598,Rachael Schultz,21,383,2,No,No,Financial national attack pull wonder shake region.
599,Richard Johnson,23,474,9,No,Yes,Position country few PM at enter.
600,Jennifer Dominguez,19,57,18,No,Yes,Indeed nor expert physical support.
601,Crystal Garcia,51,407,19,No,No,Protect wish road full.
602,Nathan Clark,42,157,16,No,Yes,Population performance treat case course positive form expert.
603,Brooke Mcgee,44,287,6,No,Yes,Tree eye nor bit go.
604,Jessica Todd,41,305,8,No,Yes,Financial organization nation whole.
605,Jeffery Ryan,61,151,6,No,Yes,System customer service write.
606,Crystal Wright,56,118,6,No,Yes,After structure garden.
607,James Jones,69,403,8,No,Yes,Can cultural house want.
608,Carrie Tran,38,31,10,No,Yes,Better black already.
609,Christine Crawford,21,424,14,No,Yes,Head dog quality land call choice.
610,Tina Webb,36,419,4,No,Yes,Thought population third public.
611,Kimberly Todd,52,483,9,No,Yes,Movie lead rock rise choose many.
612,Alexander Wood,46,184,19,No,No,Three position moment teach.
613,Bryan Allen,48,197,5,No,Yes,Though physical gun something little serious task.
614,Tonya Watson,30,54,19,No,Yes,Whole choose computer degree.
615,Glenda West,42,61,13,No,Yes,Season glass cell.
616,Robert Schmidt,69,29,14,No,Yes,Break agent former last fish.
617,Brandy Taylor,55,245,2,No,Yes,My identify oil something media truth anything.
618,Justin Stevenson,24,330,8,No,Yes,Organization begin tough land newspaper himself.
619,Nicholas Fischer,52,437,19,No,No,Opportunity event sometimes small.
620,Eugene Armstrong,26,381,3,No,Yes,I themselves maintain point radio there.
621,Kevin Wallace,63,259,20,No,Yes,Where among would not including.
622,Melissa Ramirez,37,148,4,No,Yes,Represent tonight word sound lawyer.
623,Garrett Campos,26,258,12,No,Yes,Benefit explain new per citizen agent line dinner.
624,Jasmine Merritt,57,144,9,No,No,Ball discussion idea.
625,Ronald Martinez,54,124,20,No,Yes,Detail site perform wish ok across show say.
626,Edward Wood,67,426,13,No,Yes,Computer during have concern.
627,Melvin Reed,38,427,8,No,Yes,Ball bank garden south major cause.
628,Victoria Harris,26,398,18,No,Yes,Crime than eat majority it.
629,Brian Bauer,55,258,20,No,No,Later across same nor.
630,Daniel Herman,61,104,5,No,Yes,Thought gun southern activity medical.
631,Stephanie Thompson,49,179,5,No,Yes,Able information TV participant first western.
632,James Todd,32,241,9,No,No,Federal either reduce remain defense impact team.
633,Christopher Grimes,27,333,11,No,No,Eye stop identify prove.
634,Mr. Ernest Wright MD,64,18,6,No,Yes,Hope present possible language region.
635,Melissa Robinson,54,326,6,No,Yes,Decide little religious land pick wear away.
636,Harry Sanchez,52,81,8,No,No,Well perhaps cup four.
637,Kimberly Weaver,58,259,10,No,Yes,I theory exactly develop move expert.
638,Rachel Lopez,21,493,11,No,Yes,Allow choice paper reduce between seat camera.
639,Latasha Marshall,29,117,18,No,Yes,Seven Congress since politics deal.
640,David Hernandez,31,452,1,No,Yes,Within there seat wish society authority.
641,David Whitney,26,303,20,No,No,Include however professional beautiful former trial change.
642,Patricia Jones,70,45,13,No,Yes,Source end may sit federal difficult only.
643,Jacob Sutton,32,194,20,No,Yes,Protect sure indeed space fish guy crime side.
644,Joseph Jackson,22,74,7,No,Yes,Top walk event kitchen.
645,David Smith,20,258,12,No,Yes,Space suggest television three painting deal enter college.
646,Jeffrey Odonnell,66,408,2,No,No,Check store set scientist bar student.
647,William Thornton,69,269,7,No,Yes,Affect market into spend board walk allow.
648,Brian Smith,34,311,9,No,Yes,Outside candidate decade already make investment.
649,Charles Obrien,27,137,17,No,Yes,Reduce PM one great.
650,Alexandria Gilbert,56,436,3,No,Yes,Science form with camera certain hundred.
651,Christopher Anderson,33,118,8,No,Yes,Free police budget animal read since painting.
652,Jeffrey Coleman,53,320,5,No,Yes,Term shake sign job oil take.
653,Ruth Bryan,30,103,8,No,Yes,Both act use discover.
654,Andrew Johnson,40,369,7,No,Yes,Family break letter close resource.
655,Timothy Smith,39,171,6,No,Yes,When reveal heavy all four indeed property everybody.
656,Jack Walker,66,292,15,No,Yes,Language long successful major adult far.
657,Terry Gomez,36,441,10,No,Yes,Bad us situation investment between.
658,Jo Tapia,26,269,4,No,Yes,Mind people possible writer music wall expert alone.
659,Raymond Wood,44,446,13,No,No,None establish serve walk read.
660,Sherry Martinez,62,258,16,No,Yes,Into prove day current six great.
661,Kevin Cortez,51,378,18,No,Yes,Success throughout bring build program approach nice.
662,William Horton,32,418,10,No,Yes,Foot one late do hot senior.
663,Vincent Young,51,274,16,No,Yes,Loss lose thank suddenly hand.
664,Sara Padilla,55,263,14,No,Yes,Wear certainly may.
665,Brian Reeves,25,115,6,No,No,And heart camera loss social white.
666,Gary Willis,67,310,18,No,Yes,Expert peace almost woman.
667,Rachel Barajas,50,289,11,No,Yes,Return care continue outside coach court first.
668,Mrs. Tracey Meyers,27,175,4,No,Yes,Program sit strong cultural similar land.
669,Lisa Ferguson,46,117,8,No,No,By onto scene else stand knowledge.
670,Garrett Watts,37,380,12,No,Yes,Involve usually minute store.
671,Lisa Stuart,35,253,5,No,No,Still material seat shake opportunity long.
672,Andrew Davis,40,163,17,No,No,Worry meet let.
673,Michael Holmes,65,479,18,No,Yes,And state something their water small avoid.
674,Angela Rodriguez,44,287,6,No,Yes,Knowledge base scientist hair owner hotel.
675,Joseph Bailey,38,114,7,No,Yes,Democratic worker collection nation.
676,Cindy Johnson,64,226,13,No,Yes,Skin hundred bank finally.
677,Brian Carter,27,273,10,No,No,Point here care ago concern.
678,Michael Contreras,29,186,7,No,Yes,Move effect fish.
679,Robert Martin,49,192,13,No,Yes,Her protect reality now seven research glass.
680,Timothy Harrison,32,319,13,No,Yes,Successful state truth director action particular final.
681,Michael Garcia,47,51,17,No,Yes,Community customer impact run.
682,James Munoz,41,78,17,No,No,Rich sort consider.
683,Marcus Young,65,90,4,No,Yes,Never draw report.
684,Holly Bailey,42,402,6,No,Yes,Hot prevent those even leader between thus she.
685,Tara Alvarado,38,126,19,No,Yes,American he let finally trouble skill may star.
686,Justin Oliver,58,189,5,No,Yes,Else character three community where argue even win.
687,Virginia Schmidt,70,258,20,No,No,As answer soon exist campaign smile population name.
688,Helen Quinn DDS,41,388,2,No,Yes,Until analysis claim everybody.
689,Edward Foster,70,133,1,No,Yes,Well section short yourself technology news onto practice.
690,Walter Anderson,61,401,2,No,Yes,It report success best.
691,Lee Hood,22,412,14,No,No,Better stock tough.
692,Scott Davis,51,279,18,No,Yes,However how theory bank manage see.
693,Melanie Hoffman,66,407,8,No,Yes,Four including type dream ability.
694,Mia Osborne,49,195,11,No,Yes,Body four discussion color someone.
695,Jimmy Fisher,22,438,9,No,Yes,Pretty deal push major agency where.
696,Michael Gomez,43,128,14,No,No,Could ability rule late home hit.
697,Sara Morris,28,258,10,No,Yes,Hard know while rise shake their.
698,Joseph Nelson,21,154,18,No,Yes,Congress share item toward newspaper avoid.
699,Richard Bell,21,11,16,No,Yes,Admit all may page cost writer.
700,Shannon Long MD,62,19,17,No,Yes,My good loss situation.
701,George Sanders,70,477,5,No,No,Within industry though others.
702,Lori Armstrong,31,110,7,No,Yes,Huge site adult challenge.
703,Linda Lopez,47,385,10,No,Yes,Pm last music yes.
704,Ashley Clarke,26,38,9,No,Yes,Appear care mother cup image effort.
705,Jacob Soto,46,338,19,No,Yes,Hold night simply difference yeah significant.
706,Andrea Harrington,67,323,18,No,Yes,Or position fish national put.
707,Anthony Kramer,51,56,12,No,Yes,Learn work early.
708,James Reid,61,384,7,No,Yes,Yeah generation clear.
709,Anthony Frazier,44,95,9,No,Yes,Off theory compare claim interesting executive focus.
710,Joshua Yoder,67,205,13,No,Yes,Never western improve despite us dark.
711,Rhonda Warren,52,493,6,No,Yes,Increase me fill child everything.
712,Lisa Martinez,25,323,9,No,Yes,Believe down performance difference argue.
713,Ashley Mills DDS,55,69,1,No,No,Nation thus quality go former unit.
714,Diane Coleman,38,484,19,No,No,May possible although form peace.
715,Michael Weeks,47,396,7,No,No,Artist head allow region knowledge.
716,Janet Dennis,60,308,10,No,Yes,Off director place speak soldier continue quality century.
717,Ashley Gaines,28,176,1,No,Yes,Capital region section company thing exactly past car.
718,Lisa Hall,43,106,12,No,Yes,Able factor morning air people.
719,Jonathan Carter,27,241,7,No,Yes,Stand camera style suggest successful data.
720,Keith Delgado,34,265,13,No,No,Start board professional environmental.
721,Craig Johnson,61,71,20,No,No,Rest road recently speech stock.
722,Emily Mcclure,35,36,10,No,Yes,Officer gun close weight large subject.
723,Kimberly May,51,399,14,No,Yes,Name beyond effect though real war culture church.
724,Juan Braun,51,217,8,No,Yes,Project evidence financial.
725,Christopher Harmon,63,264,12,No,Yes,Truth finish more town everything culture.
726,Cindy Holmes,22,429,10,No,Yes,Most truth hair measure dark dark.
727,Kathy Lee,45,48,1,No,Yes,Protect much model rule reality.
728,Latoya Lucero,45,388,11,No,No,Decision against product society indicate.
729,Dana Gray,37,134,12,No,Yes,Campaign administration board generation think institution news.
730,Katie Miller,55,365,1,No,No,Better hour prevent away kitchen history.
731,Brianna Sheppard,49,493,1,No,Yes,Month determine international how.
732,Diana Whitney,51,181,7,No,No,Night response successful oil.
733,Justin Aguilar,68,288,16,No,Yes,All oil daughter including analysis also institution.
734,Garrett Hendrix,28,159,12,No,No,Food list information mean budget language wide.
735,Emma Richard,41,14,7,No,Yes,Per probably her set rest fine wish.
736,Marcia Gibson,29,286,8,No,Yes,Soon section general some him.
737,Kelly Campbell,50,112,5,No,Yes,Center space human degree nature fall.
738,Dawn Martinez,35,76,3,No,Yes,Environment executive TV hit.
739,Erika Clark,52,63,6,No,No,Plan sound long side crime.
740,Amanda Adams,64,96,15,No,No,Tonight drug visit water security.
741,Susan Powell,51,481,12,No,No,Particularly one chance avoid since kind.
742,Derek Costa,40,420,18,No,Yes,Network relate argue building someone.
743,Christopher Perry Jr.,23,227,7,No,Yes,Free bag six player allow free research.
744,Amanda Edwards,41,17,17,No,Yes,Behind list long option mind floor almost.
745,Eugene Morales,32,447,14,No,Yes,Find cut suffer.
746,Morgan Williams,44,32,5,No,Yes,Character cause provide thing.
747,Sonya Collins,54,185,8,No,Yes,Section reflect street drop left less expect security.
748,David Bryan MD,64,205,13,No,Yes,Decision little pressure something culture white.
749,Brian Miller,61,200,16,No,Yes,Entire stuff own better present eye clearly.
750,Heather Johnson,65,310,20,No,Yes,Inside catch owner according police view several.
751,John Keller,19,111,2,No,Yes,Soldier capital reflect senior factor include despite.
752,Victoria Woods DDS,29,412,11,No,Yes,Realize bank cell factor specific ahead bad Republican.
753,Brian Garcia,62,411,7,No,Yes,Imagine begin oil around late clearly.
754,Robert Lopez,38,13,10,No,Yes,Learn east skill stay contain start others.
755,Sarah Coleman,59,278,12,No,No,Stay least live ready.
756,Marilyn Scott,39,300,2,No,Yes,Beat kitchen customer happen else detail.
757,Michael Hayes,34,384,1,No,No,Protect themselves social continue kind identify.
758,Stephanie Brooks,53,363,11,No,No,Peace positive year material research.
759,Amy Delgado,46,56,14,No,Yes,Visit interesting happen message within.
760,Maxwell Myers,56,160,17,No,Yes,Find race father water must.
761,Mary Ellison,64,264,10,No,Yes,Loss method position entire study.
762,Margaret Peck,57,149,7,No,Yes,Responsibility article myself.
763,Jamie Horne,30,180,4,No,Yes,Good while which.
764,Donald Mueller,57,58,19,No,No,Do story account effect forward sound couple mean.
765,Jonathan Park,28,447,17,No,Yes,Appear dinner operation put fund second.
766,Jenna Porter,53,426,16,No,Yes,Alone test offer difference western however like.
767,Ashlee Fischer,19,206,12,No,No,She find nearly order.
768,Joseph Chaney,26,481,18,No,No,Middle one quite customer.
769,Melissa Smith,48,189,16,No,Yes,Simply imagine growth ever upon.
770,Alexis Jennings,63,279,9,No,Yes,Natural stock this hundred step American.
771,Elizabeth Chen,45,170,19,No,Yes,Market commercial cell scientist inside bag toward.
772,James Anderson,51,325,6,No,No,Add dark age within hold draw.
773,Anna Owens,28,224,12,No,Yes,More especially start discuss lay.
774,Jennifer Richardson,53,18,11,No,Yes,Section what long full.
775,Alicia Moore,68,446,2,No,Yes,Make process possible help.
776,Jason Edwards,63,102,14,No,Yes,May brother personal eat century director.
777,Nathan Davis,36,443,5,No,Yes,Sort realize give any thing law.
778,Marco Farmer,59,263,2,No,Yes,Spring suffer write young.
779,Catherine Douglas,40,314,4,No,Yes,Father our example assume.
780,Cynthia Nguyen MD,39,369,15,No,Yes,Professional avoid seem nearly.
781,Jeremy Walters,50,330,13,No,Yes,Learn upon by even during.
782,Carl Hernandez,59,496,4,No,No,Office late who could recent view.
783,Kimberly Pittman,45,31,20,No,Yes,Shake per save thought.
784,John Fields,52,487,17,No,Yes,On return its drug.
785,Timothy Hutchinson,48,338,1,No,No,Form suggest start north wear reduce water.
786,Matthew Hays,37,450,2,No,Yes,Early there close finally door issue current.
787,Isabella Barber,40,423,6,No,Yes,Where piece know letter.
788,Michelle Martin,67,262,4,No,Yes,When money product world nice person including.
789,Donald Gardner,55,475,13,No,No,Attack region forget ability small to.
790,Kristy Johnston,49,70,17,No,Yes,Grow yourself sort between expect not five unit.
791,Johnny Stewart,41,89,10,No,Yes,Environment order start hand present reason.
792,Patrick Rose,60,223,4,No,Yes,Rise feeling beat thousand.
793,Michael Vincent,33,81,7,No,Yes,Need product reason middle board nearly investment.
794,Shannon Reynolds,23,88,10,No,No,Think fly exist partner help high.
795,Kara Wilson,48,327,2,No,Yes,Address anyone successful respond.
796,Kelly Webster MD,35,224,13,No,Yes,Third four hard.
797,Michael Green,60,203,9,No,Yes,Check available network world return whatever.
798,Anna Aguirre,46,449,14,No,Yes,Nature attack sister red.
799,Laura Bowman,53,292,11,No,Yes,Develop possible list member tell.
800,Michael Sanchez,25,173,5,No,Yes,Shake benefit these which make.
801,Anita Wolfe,46,80,9,No,Yes,Conference fall scene.
802,Eileen Brown,22,406,4,No,Yes,Yet some best recognize.
803,Taylor Simon,54,189,20,No,Yes,Often nature six anything shake choose.
804,Felicia Vaughn,64,429,15,No,No,Serve specific choose station month itself.
805,Karina Hart,52,125,18,No,Yes,Morning president resource mission worker.
806,Bryan Jimenez,56,263,20,No,No,There amount week general.
807,Ernest Solis,35,410,6,No,Yes,Involve national finish truth.
808,Daniel Beck,63,265,10,No,Yes,Almost hour answer purpose doctor.
809,Andrew Jackson,23,178,15,No,Yes,Force picture give who evening range.
810,Nathan Berry,32,37,18,No,No,Five nature until none from.
811,Frank Molina,65,276,19,No,Yes,Character three single choice.
812,Brandon Drake,61,35,16,No,Yes,Property floor term company.
813,Claudia Smith,46,323,13,No,Yes,Subject eat bill main town eight.
814,Tina Miller,48,181,15,No,No,Experience here man of choose still.
815,Rose Jacobson,49,263,20,No,Yes,Resource personal interesting executive next.
816,Shannon Johnson,57,412,12,No,No,Couple evening threat treat field difference star.
817,Amber Reyes,46,136,9,No,No,Stand decision inside partner see him work.
818,Julie Smith,25,210,6,No,No,What behavior kind black yet program almost thank.
819,Stephanie Anderson,64,132,6,No,No,Draw store letter memory behavior.
820,Yolanda West,62,466,10,No,Yes,When behavior stop strategy range people phone.
821,Nicole Martinez,45,172,2,No,Yes,Son law billion say end former.
822,Christian Hebert,19,218,8,No,Yes,Memory when kitchen can field.
823,Sarah Hayes,44,53,4,No,No,Cultural father star require religious.
824,Michael Wilson,27,176,12,No,Yes,Least health cover.
825,Melanie Chase,50,30,18,No,Yes,Fact lawyer score could.
826,Karl Coleman,18,62,20,No,Yes,Class work health career claim TV.
827,Molly Poole,67,241,9,No,Yes,Style son dream compare consumer.
828,Dr. Terry Hernandez,38,38,15,No,Yes,Event entire develop including most option benefit.
829,Brenda Solomon,64,197,12,No,Yes,Century sometimes car music report challenge.
830,Kathleen Aguilar,57,183,3,No,Yes,Station husband here.
831,Kimberly Parsons,54,227,9,No,No,Receive goal figure have.
832,Marie Espinoza,63,316,7,No,No,Audience decision right soldier.
833,Mary Wise,52,101,9,No,Yes,Total your court think hair three.
834,Cameron Haynes,58,25,2,No,Yes,Step yet child compare.
835,Haley Prince,53,110,5,No,Yes,System national arrive successful.
836,Rachael Wright,60,187,11,No,Yes,Education senior material.
837,Kenneth Thomas,68,259,19,No,Yes,Front unit rise effect radio.
838,Donna Davis,24,472,15,No,No,Tend few generation politics.
839,Dr. Nicholas Dunlap DVM,47,408,16,No,No,Over social international matter.
840,Paula Jacobs,20,494,20,No,Yes,Usually approach any water perhaps one look officer.
841,Ashley Burns,69,188,16,No,Yes,Try west feeling history whole.
842,Michael Moore,56,412,9,No,Yes,Ago boy individual until save no pull.
843,Mary Gordon,21,114,4,No,No,Agent year relationship together finish.
844,Jonathan Rivera,57,97,3,No,Yes,Whether look Republican blue.
845,Hannah Mullins,68,454,6,No,Yes,Military collection spend.
846,Patrick Conner,66,490,6,No,No,Follow great soldier fish want.
847,Jerry Contreras,35,317,5,No,No,Book word or western past.
848,Jocelyn Jimenez,46,383,20,No,Yes,Impact until eight political during take.
849,Angela Hernandez,33,253,11,No,Yes,Inside service for realize senior.
850,John Long,45,376,19,No,Yes,Either argue as PM.
851,Daniel Nichols,27,268,15,No,Yes,Late sport writer control eat.
852,Adam Lynch,47,442,1,No,Yes,Send table help wait simple water miss.
853,Brian Williams,57,252,12,No,Yes,Be accept for other detail health lose race.
854,Terri Pena,27,81,9,No,Yes,Dinner management a do worker.
855,Kara Reyes,67,363,14,No,Yes,Those much eat field example party though.
856,Dawn Nelson,69,248,18,No,Yes,Nature real effort teach herself live throughout bit.
857,Emily Boyd,62,127,8,No,Yes,Gas start eight check know.
858,Lauren Cook,19,274,18,No,No,Various throw more free involve.
859,Brenda Ingram,42,495,12,No,Yes,Campaign which dinner gun small quite crime.
860,Michelle Bryant,30,369,7,No,Yes,Source lay particularly window.
861,Lee Smith,19,62,3,No,Yes,Something sell democratic.
862,Amber Reyes,62,473,17,No,Yes,Office work choice place film account.
863,Tyler Ross,54,199,7,No,Yes,Officer have doctor citizen industry simple.
864,Willie Lyons,59,342,3,No,Yes,Least practice around.
865,Anthony Edwards,61,371,2,No,Yes,Practice body rich fear structure day.
866,Abigail Stevens,58,318,15,No,Yes,Head today score they begin alone.
867,Jeffrey Smith,34,156,9,No,Yes,Significant garden dog executive quickly since.
868,Sabrina Holt,63,63,1,No,Yes,Heavy big benefit great.
869,Jerry Evans,64,339,6,No,Yes,House life model tough safe American return.
870,Philip Snow,40,341,1,No,Yes,Put behavior and message.
871,Emily Robinson,46,284,17,No,Yes,Itself lead each heavy.
872,Joseph Anderson,32,296,7,No,No,Until trouble throw field middle president try sound.
873,Christine Chan,49,178,11,No,No,Career main represent stop since.
874,Derek Mercer,44,144,19,No,Yes,To apply sometimes guy if maybe.
875,Natalie Reyes,57,380,11,No,Yes,News cell ready still push company strategy teacher.
876,Craig Stone,66,188,13,No,Yes,Management safe your meet.
877,Elizabeth Graham,32,493,14,No,Yes,Reason a article avoid girl.
878,Jennifer Berger,56,46,5,No,Yes,Radio door game.
879,Andrew King,38,282,15,No,Yes,Father themselves development talk stuff here fire.
880,Benjamin Rose,53,379,3,No,No,Beyond method check.
881,Sheena Mora,66,320,12,No,Yes,Attack way add however customer industry maybe.
882,Melissa Cox,62,157,11,No,Yes,Treat fall far list.
883,Jessica Noble,59,407,15,No,No,Ahead year young administration morning.
884,Brian Moore,67,439,2,No,Yes,Oil well perform exist.
885,Melissa Williams,40,394,9,No,Yes,Particularly go present business take person pattern.
886,Geoffrey Sanchez,68,128,7,No,Yes,Peace too affect doctor long behind.
887,Stacey Mason,65,216,13,No,Yes,Technology choice lot section.
888,Cynthia Guerrero,22,90,9,No,Yes,Partner make dog law walk suddenly.
889,Cody Johns,31,138,6,No,Yes,Whose still well.
890,Lauren Willis,20,456,5,No,Yes,Even model play everything indeed moment different focus.
891,Ernest Graham,40,465,6,No,No,Indeed Mr attack later.
892,Travis Watson,33,348,3,No,Yes,Like space never six available well our.
893,Theresa Johnson,39,20,16,No,Yes,Child claim attorney wife attorney political hundred at.
894,Norman Adams,34,85,10,No,No,Successful grow put beautiful hand.
895,Rachel Schmidt,37,403,10,No,Yes,North phone appear management.
896,Austin Ramirez,50,247,12,No,No,Bag either middle staff before carry sing.
897,Matthew Mitchell,29,176,15,No,Yes,State energy pull friend provide own.
898,Eric Martin,31,56,18,No,No,Us whether suffer great mind admit item.
899,Stefanie Ball,36,239,10,No,No,Image threat education case.
900,Victor Ibarra,29,492,7,No,Yes,Strategy sport current.
901,Donna Black,34,265,9,No,Yes,Season power moment recently soldier throw.
902,Robert Webb DVM,35,236,16,No,Yes,Continue include during will important off.
903,Cheryl Bates,28,477,6,No,Yes,Fear success action shake nor fight.
904,Natasha Lee,42,309,4,No,Yes,Economy side central sea.
905,Ann Evans,52,269,2,No,Yes,Approach him fast fact sound lose.
906,Robert Leblanc,56,66,10,No,No,Fall however offer challenge quickly apply scientist true.
907,Beverly Hinton,53,331,18,No,Yes,Alone someone accept involve discuss both.
908,Dave Lane,42,485,13,No,Yes,Easy catch art economic.
909,Renee Mitchell,69,218,12,No,Yes,Threat against it director write carry short.
910,Kelly Jones,38,430,19,No,Yes,Finish whatever happen call support firm.
911,Jeff Martinez,26,191,5,No,No,Science fly bring.
912,Pamela Mcclure,29,464,18,No,No,Computer stuff relationship.
913,Michael Ross,57,325,11,No,Yes,Owner opportunity western their watch.
914,Heather Singleton,50,103,5,No,No,Weight social hand push radio activity.
915,Jonathan King,69,322,16,No,Yes,Five least TV positive specific young treatment.
916,Michelle Collins,41,371,19,No,Yes,Place word receive Congress thank interest answer.
917,Beth Bell,57,169,8,No,Yes,Too summer democratic exist know.
918,Michael Carr,70,466,16,No,Yes,Good those what arm know floor.
919,James Smith,23,100,12,No,Yes,Effect give seek herself.
920,Christopher Mckenzie,41,80,13,No,No,Structure health movement.
921,Connor Herrera,29,125,10,No,Yes,Special find history get.
922,Kevin Mendez,67,79,5,No,Yes,Large crime front daughter.
923,Matthew Wilson,47,204,12,No,Yes,Significant she adult realize exist table.
924,John Harris,49,205,1,No,Yes,Smile method born everybody remain hit indeed act.
925,Katherine Bradley,66,16,10,No,Yes,Perhaps feel skin discuss.
926,Krista Gibson,46,60,1,No,Yes,My so role wear student also within economic.
927,Michael Nash,65,77,15,No,Yes,Five it population fall doctor.
928,Jason Robertson,55,397,9,No,Yes,Hundred just born care fund.
929,Amber Hampton,70,188,8,No,Yes,Range young professor.
930,Jordan Duncan,36,186,5,No,Yes,Page expert receive hard recent.
931,Michelle Wallace,23,293,6,No,Yes,Age close treatment.
932,Mario Fuentes,46,240,19,No,No,Article middle listen relate citizen network.
933,Tony Middleton,35,36,8,No,Yes,Particularly unit pattern.
934,Maria Fitzgerald,24,49,16,No,Yes,Especially significant here any nothing around.
935,Ashley Wells,52,259,3,No,Yes,Represent represent her shoulder address front.
936,Kimberly Adams,63,441,18,No,Yes,Age group stop against.
937,Lisa Pugh,23,334,11,No,Yes,I respond character begin alone wait specific.
938,Raymond Cummings,61,83,2,No,Yes,Many various if thousand kind.
939,Brooke Wu,69,64,1,No,Yes,Away feeling but add water.
940,Luis Henry,50,63,8,No,No,Ok cost begin he order.
941,William Stevenson,60,37,1,No,Yes,Total item authority reflect cell including color.
942,James Crawford,70,179,10,No,No,This common color page relate.
943,Amy Martin,56,72,3,No,Yes,Certain her soon employee.
944,Christine Brown,70,101,9,No,Yes,Material pretty speak nor.
945,Michael Jackson,38,494,11,No,Yes,Act matter face address.
946,Dr. Susan Guerra,26,268,15,No,Yes,Tough arrive way.
947,Douglas Dunn,59,36,13,No,Yes,Community exist probably protect.
948,Bradley Miller,21,165,3,No,Yes,Concern sense good sometimes whether.
949,Kimberly Page,24,59,20,No,Yes,Share citizen yourself number such.
950,Leonard Rodriguez,39,106,9,No,No,Decide benefit brother wife site.
951,Ronnie Harris,65,69,8,No,Yes,Book those senior plant short anyone.
952,Robert Lozano,35,218,10,No,Yes,Office method charge PM today.
953,Abigail Edwards,38,282,6,No,Yes,Kitchen effort state day long affect sign.
954,Shirley Hebert,21,109,10,No,Yes,Garden test all.
955,David Chandler,60,472,17,No,Yes,Republican run time form care.
956,Danielle Wade MD,49,129,20,No,No,Soldier save cut local four budget.
957,Carmen Jimenez,20,336,1,No,Yes,Something bit security let end out.
958,Aaron Maxwell,62,276,4,No,Yes,Manage how hard.
959,Peggy Herring,70,182,16,No,Yes,Him religious end.
960,Destiny Hess,22,94,3,No,Yes,Rise whose hotel artist now raise.
961,Ruth Silva,33,213,13,No,Yes,By throw opportunity week drop.
962,Wayne Bell,67,225,2,No,Yes,Nature herself offer skill turn hit office.
963,Brandon Cohen DDS,47,19,2,No,Yes,Minute woman Republican story how also now.
964,Barbara Lamb,41,254,5,No,Yes,Vote age up note near song.
965,Amanda Glass,31,146,3,No,Yes,American human bring say enjoy push strong example.
966,Dakota Ryan,56,292,3,No,Yes,Become join fish child.
967,Misty Garcia,53,190,12,No,No,Go several them I offer think brother represent.
968,Lindsey Neal MD,69,439,4,No,Yes,Movie true information score help focus.
969,Mary Whitaker,45,192,13,No,Yes,Where remember put thank those radio age scientist.
970,James Davis,51,212,15,No,Yes,Under lead sense with something development care.
971,Terri Stevens,45,456,2,No,Yes,Day down suggest star role two.
972,Michelle Turner,18,144,12,No,Yes,Image night in measure.
973,Richard Padilla,32,144,9,No,Yes,Health dream well research season letter.
974,Thomas Potter,37,459,16,No,Yes,Much pretty second billion maintain.
975,Kristina Mcmillan,70,152,14,No,Yes,Before message and country majority try serve budget.
976,Melissa Lewis,46,496,9,No,Yes,Attorney cup chance evidence ever almost.
977,Robert Bradford,52,190,3,No,Yes,Record very Congress law.
978,Stephen Cooper,41,394,18,No,Yes,Real almost environmental small beyond professor.
979,Brandy Jordan,60,272,5,No,Yes,Sing agree person like inside director.
980,Darlene Cuevas,47,407,15,No,Yes,Idea student beautiful significant present base.
981,Donald Larsen,57,335,10,No,No,Go game bit reflect.
982,Elizabeth Howell,24,60,3,No,Yes,Community must somebody.
983,Shirley Underwood,24,162,10,No,Yes,Movie money try ground recent center scientist.
984,Michael Brown,53,195,2,No,Yes,Yet record to whose pay.
985,Daniel Thompson,37,49,4,No,Yes,Make prepare player quite true provide person.
986,Shannon Perez,61,385,6,No,Yes,Become rather about open among option interview size.
987,Brandon Henderson,67,279,6,No,No,Reveal include service cut nature prepare section.
988,Raymond Ward,43,63,10,No,Yes,View place way development agent number.
989,Kevin Duke,34,291,4,No,Yes,Success get would country Mr value management population.
990,Joshua Kirby,33,53,20,No,Yes,Race perhaps medical assume senior police.
991,Adam Duffy,37,101,11,No,Yes,Professional somebody mind thought open somebody.
992,Matthew Marshall,22,413,17,No,Yes,Short manager rule white.
993,Holly Boyle,52,150,4,No,No,Impact certain lot see stand analysis.
994,Billy Olson,19,427,2,No,Yes,Answer successful keep turn song.
995,Sean Klein,70,184,15,No,Yes,Firm build ten none if put.
996,Tracey Jacobs,44,388,19,No,Yes,Or particularly action protect sell.
997,William Wilson,20,242,18,No,Yes,Occur manage suffer cut.
998,Jon Johnston,36,169,2,No,Yes,His school account along trouble.
999,Hannah Potter,69,421,16,No,Yes,Beat herself property against better.
1000,Sarah Hogan,58,381,15,No,Yes,Some any area after course.
